{
  "id": "9790146a-d2a4-46a3-b088-cf1cc33a42af",
  "prevId": "00000000-0000-0000-0000-000000000000",
  "version": "7",
  "dialect": "postgresql",
  "tables": {
    "public.listing_media": {
      "name": "listing_media",
      "schema": "",
      "columns": {
        "media_key": {
          "name": "media_key",
          "type": "text",
          "primaryKey": true,
          "notNull": true
        },
        "listing_id": {
          "name": "listing_id",
          "type": "text",
          "primaryKey": false,
          "notNull": false
        },
        "media_type": {
          "name": "media_type",
          "type": "text",
          "primaryKey": false,
          "notNull": false
        },
        "media_category": {
          "name": "media_category",
          "type": "text",
          "primaryKey": false,
          "notNull": false
        },
        "media_url": {
          "name": "media_url",
          "type": "text",
          "primaryKey": false,
          "notNull": false
        },
        "media_status": {
          "name": "media_status",
          "type": "text",
          "primaryKey": false,
          "notNull": false
        },
        "image_height": {
          "name": "image_height",
          "type": "integer",
          "primaryKey": false,
          "notNull": false
        },
        "image_width": {
          "name": "image_width",
          "type": "integer",
          "primaryKey": false,
          "notNull": false
        },
        "is_preferred": {
          "name": "is_preferred",
          "type": "boolean",
          "primaryKey": false,
          "notNull": false,
          "default": false
        },
        "display_order": {
          "name": "display_order",
          "type": "integer",
          "primaryKey": false,
          "notNull": false
        },
        "short_description": {
          "name": "short_description",
          "type": "text",
          "primaryKey": false,
          "notNull": false
        },
        "modification_timestamp": {
          "name": "modification_timestamp",
          "type": "timestamp",
          "primaryKey": false,
          "notNull": false
        },
        "created_at": {
          "name": "created_at",
          "type": "timestamp",
          "primaryKey": false,
          "notNull": false,
          "default": "now()"
        },
        "updated_at": {
          "name": "updated_at",
          "type": "timestamp",
          "primaryKey": false,
          "notNull": false,
          "default": "now()"
        }
      },
      "indexes": {},
      "foreignKeys": {
        "listing_media_listing_id_listings_id_fk": {
          "name": "listing_media_listing_id_listings_id_fk",
          "tableFrom": "listing_media",
          "tableTo": "listings",
          "columnsFrom": [
            "listing_id"
          ],
          "columnsTo": [
            "id"
          ],
          "onDelete": "cascade",
          "onUpdate": "no action"
        }
      },
      "compositePrimaryKeys": {},
      "uniqueConstraints": {},
      "policies": {},
      "checkConstraints": {},
      "isRLSEnabled": false
    },
    "public.listings": {
      "name": "listings",
      "schema": "",
      "columns": {
        "id": {
          "name": "id",
          "type": "text",
          "primaryKey": true,
          "notNull": true
        },
        "unparsed_address": {
          "name": "unparsed_address",
          "type": "text",
          "primaryKey": false,
          "notNull": false
        },
        "street_number": {
          "name": "street_number",
          "type": "text",
          "primaryKey": false,
          "notNull": false
        },
        "street_name": {
          "name": "street_name",
          "type": "text",
          "primaryKey": false,
          "notNull": false
        },
        "street_suffix": {
          "name": "street_suffix",
          "type": "text",
          "primaryKey": false,
          "notNull": false
        },
        "unit_number": {
          "name": "unit_number",
          "type": "text",
          "primaryKey": false,
          "notNull": false
        },
        "city": {
          "name": "city",
          "type": "text",
          "primaryKey": false,
          "notNull": false
        },
        "province": {
          "name": "province",
          "type": "text",
          "primaryKey": false,
          "notNull": false
        },
        "postal_code": {
          "name": "postal_code",
          "type": "text",
          "primaryKey": false,
          "notNull": false
        },
        "country": {
          "name": "country",
          "type": "text",
          "primaryKey": false,
          "notNull": false
        },
        "county_or_parish": {
          "name": "county_or_parish",
          "type": "text",
          "primaryKey": false,
          "notNull": false
        },
        "latitude": {
          "name": "latitude",
          "type": "double precision",
          "primaryKey": false,
          "notNull": false
        },
        "longitude": {
          "name": "longitude",
          "type": "double precision",
          "primaryKey": false,
          "notNull": false
        },
        "geo_source": {
          "name": "geo_source",
          "type": "text",
          "primaryKey": false,
          "notNull": false
        },
        "property_type": {
          "name": "property_type",
          "type": "text",
          "primaryKey": false,
          "notNull": false
        },
        "property_sub_type": {
          "name": "property_sub_type",
          "type": "text",
          "primaryKey": false,
          "notNull": false
        },
        "transaction_type": {
          "name": "transaction_type",
          "type": "text",
          "primaryKey": false,
          "notNull": false
        },
        "contract_status": {
          "name": "contract_status",
          "type": "text",
          "primaryKey": false,
          "notNull": false
        },
        "building_name": {
          "name": "building_name",
          "type": "text",
          "primaryKey": false,
          "notNull": false
        },
        "year_built": {
          "name": "year_built",
          "type": "integer",
          "primaryKey": false,
          "notNull": false
        },
        "lot_size_area": {
          "name": "lot_size_area",
          "type": "double precision",
          "primaryKey": false,
          "notNull": false
        },
        "lot_size_units": {
          "name": "lot_size_units",
          "type": "text",
          "primaryKey": false,
          "notNull": false
        },
        "living_area": {
          "name": "living_area",
          "type": "double precision",
          "primaryKey": false,
          "notNull": false
        },
        "above_grade_finished_area": {
          "name": "above_grade_finished_area",
          "type": "double precision",
          "primaryKey": false,
          "notNull": false
        },
        "below_grade_finished_area": {
          "name": "below_grade_finished_area",
          "type": "double precision",
          "primaryKey": false,
          "notNull": false
        },
        "lot_width": {
          "name": "lot_width",
          "type": "double precision",
          "primaryKey": false,
          "notNull": false
        },
        "lot_depth": {
          "name": "lot_depth",
          "type": "double precision",
          "primaryKey": false,
          "notNull": false
        },
        "lot_frontage": {
          "name": "lot_frontage",
          "type": "text",
          "primaryKey": false,
          "notNull": false
        },
        "bedrooms_total": {
          "name": "bedrooms_total",
          "type": "integer",
          "primaryKey": false,
          "notNull": false
        },
        "bedrooms_above_grade": {
          "name": "bedrooms_above_grade",
          "type": "integer",
          "primaryKey": false,
          "notNull": false
        },
        "bedrooms_below_grade": {
          "name": "bedrooms_below_grade",
          "type": "integer",
          "primaryKey": false,
          "notNull": false
        },
        "bathrooms_total": {
          "name": "bathrooms_total",
          "type": "integer",
          "primaryKey": false,
          "notNull": false
        },
        "kitchens_total": {
          "name": "kitchens_total",
          "type": "integer",
          "primaryKey": false,
          "notNull": false
        },
        "rooms_total": {
          "name": "rooms_total",
          "type": "integer",
          "primaryKey": false,
          "notNull": false
        },
        "interior_features": {
          "name": "interior_features",
          "type": "text[]",
          "primaryKey": false,
          "notNull": false
        },
        "exterior_features": {
          "name": "exterior_features",
          "type": "text[]",
          "primaryKey": false,
          "notNull": false
        },
        "parking_features": {
          "name": "parking_features",
          "type": "text[]",
          "primaryKey": false,
          "notNull": false
        },
        "water_features": {
          "name": "water_features",
          "type": "text[]",
          "primaryKey": false,
          "notNull": false
        },
        "zoning": {
          "name": "zoning",
          "type": "text",
          "primaryKey": false,
          "notNull": false
        },
        "business_type": {
          "name": "business_type",
          "type": "text[]",
          "primaryKey": false,
          "notNull": false
        },
        "list_price": {
          "name": "list_price",
          "type": "numeric",
          "primaryKey": false,
          "notNull": false
        },
        "original_list_price": {
          "name": "original_list_price",
          "type": "numeric",
          "primaryKey": false,
          "notNull": false
        },
        "close_price": {
          "name": "close_price",
          "type": "numeric",
          "primaryKey": false,
          "notNull": false
        },
        "association_fee": {
          "name": "association_fee",
          "type": "numeric",
          "primaryKey": false,
          "notNull": false
        },
        "tax_annual_amount": {
          "name": "tax_annual_amount",
          "type": "numeric",
          "primaryKey": false,
          "notNull": false
        },
        "tax_year": {
          "name": "tax_year",
          "type": "integer",
          "primaryKey": false,
          "notNull": false
        },
        "media_keys": {
          "name": "media_keys",
          "type": "text[]",
          "primaryKey": false,
          "notNull": false
        },
        "preferred_media_key": {
          "name": "preferred_media_key",
          "type": "text",
          "primaryKey": false,
          "notNull": false
        },
        "virtual_tour_url": {
          "name": "virtual_tour_url",
          "type": "text",
          "primaryKey": false,
          "notNull": false
        },
        "public_remarks": {
          "name": "public_remarks",
          "type": "text",
          "primaryKey": false,
          "notNull": false
        },
        "private_remarks": {
          "name": "private_remarks",
          "type": "text",
          "primaryKey": false,
          "notNull": false
        },
        "tax_legal_description": {
          "name": "tax_legal_description",
          "type": "text",
          "primaryKey": false,
          "notNull": false
        },
        "directions": {
          "name": "directions",
          "type": "text",
          "primaryKey": false,
          "notNull": false
        },
        "list_date": {
          "name": "list_date",
          "type": "timestamp",
          "primaryKey": false,
          "notNull": false
        },
        "expiration_date": {
          "name": "expiration_date",
          "type": "timestamp",
          "primaryKey": false,
          "notNull": false
        },
        "close_date": {
          "name": "close_date",
          "type": "timestamp",
          "primaryKey": false,
          "notNull": false
        },
        "standard_status": {
          "name": "standard_status",
          "type": "text",
          "primaryKey": false,
          "notNull": false
        },
        "modification_timestamp": {
          "name": "modification_timestamp",
          "type": "timestamp",
          "primaryKey": false,
          "notNull": false
        },
        "originating_system_id": {
          "name": "originating_system_id",
          "type": "text",
          "primaryKey": false,
          "notNull": false
        },
        "originating_system_name": {
          "name": "originating_system_name",
          "type": "text",
          "primaryKey": false,
          "notNull": false
        },
        "created_at": {
          "name": "created_at",
          "type": "timestamp",
          "primaryKey": false,
          "notNull": false,
          "default": "now()"
        },
        "updated_at": {
          "name": "updated_at",
          "type": "timestamp",
          "primaryKey": false,
          "notNull": false,
          "default": "now()"
        },
        "raw": {
          "name": "raw",
          "type": "jsonb",
          "primaryKey": false,
          "notNull": false
        }
      },
      "indexes": {},
      "foreignKeys": {},
      "compositePrimaryKeys": {},
      "uniqueConstraints": {},
      "policies": {},
      "checkConstraints": {},
      "isRLSEnabled": false
    },
    "public.replication_state": {
      "name": "replication_state",
      "schema": "",
      "columns": {
        "id": {
          "name": "id",
          "type": "integer",
          "primaryKey": true,
          "notNull": true
        },
        "resource_name": {
          "name": "resource_name",
          "type": "text",
          "primaryKey": false,
          "notNull": true
        },
        "last_timestamp": {
          "name": "last_timestamp",
          "type": "text",
          "primaryKey": false,
          "notNull": true
        },
        "last_key": {
          "name": "last_key",
          "type": "text",
          "primaryKey": false,
          "notNull": true
        },
        "records_processed": {
          "name": "records_processed",
          "type": "integer",
          "primaryKey": false,
          "notNull": false,
          "default": 0
        },
        "last_run_at": {
          "name": "last_run_at",
          "type": "timestamp",
          "primaryKey": false,
          "notNull": false,
          "default": "now()"
        }
      },
      "indexes": {},
      "foreignKeys": {},
      "compositePrimaryKeys": {},
      "uniqueConstraints": {},
      "policies": {},
      "checkConstraints": {},
      "isRLSEnabled": false
    }
  },
  "enums": {},
  "schemas": {},
  "sequences": {},
  "roles": {},
  "policies": {},
  "views": {},
  "_meta": {
    "columns": {},
    "schemas": {},
    "tables": {}
  }
}